time,target,atr,symbol,period_seconds
1704247200,0,1.1385565567,SYNTHETIC,3600
1704250800,0,1.14088907753,SYNTHETIC,3600
1704254400,0,1.1491169943,SYNTHETIC,3600
1704258000,0,1.1626164502,SYNTHETIC,3600
1704261600,0,1.10349258455,SYNTHETIC,3600
1704265200,0,1.05520796868,SYNTHETIC,3600
1704268800,0,1.0547934524,SYNTHETIC,3600
1704272400,0,1.0036455317,SYNTHETIC,3600
1704276000,0,1.10175923853,SYNTHETIC,3600
1704279600,0,1.18249533512,SYNTHETIC,3600
1704283200,0,1.21177397494,SYNTHETIC,3600
1704286800,0,1.29719160473,SYNTHETIC,3600
1704290400,0,1.20675767419,SYNTHETIC,3600
1704294000,0,1.14893208945,SYNTHETIC,3600
1704297600,0,1.22144367861,SYNTHETIC,3600
1704301200,0,1.29692266978,SYNTHETIC,3600
1704304800,0,1.37877098642,SYNTHETIC,3600
1704308400,0,1.28902775995,SYNTHETIC,3600
1704312000,0,1.30228326461,SYNTHETIC,3600
1704315600,0,1.3018450937,SYNTHETIC,3600
1704319200,0,1.27001347706,SYNTHETIC,3600
1704322800,0,1.22680290432,SYNTHETIC,3600
1704326400,0,1.30459130569,SYNTHETIC,3600
1704330000,1,1.22839229006,SYNTHETIC,3600
1704333600,1,1.29709374861,SYNTHETIC,3600
1704337200,1,1.33103732907,SYNTHETIC,3600
1704340800,1,1.39904787978,SYNTHETIC,3600
1704344400,1,1.39386808339,SYNTHETIC,3600
1704348000,1,1.42714639391,SYNTHETIC,3600
1704351600,1,1.40957972261,SYNTHETIC,3600
1704355200,1,1.29589167289,SYNTHETIC,3600
1704358800,1,1.3117785316,SYNTHETIC,3600
1704362400,1,1.26319227716,SYNTHETIC,3600
1704366000,1,1.17912239799,SYNTHETIC,3600
1704369600,1,1.12645242302,SYNTHETIC,3600
1704373200,1,1.11678979075,SYNTHETIC,3600
1704376800,1,1.10136878363,SYNTHETIC,3600
1704380400,1,1.05101516521,SYNTHETIC,3600
1704384000,1,1.12543916439,SYNTHETIC,3600
1704387600,1,1.1406380669,SYNTHETIC,3600
1704391200,1,1.25317249841,SYNTHETIC,3600
1704394800,1,1.37301011284,SYNTHETIC,3600
1704398400,1,1.31668658384,SYNTHETIC,3600
1704402000,1,1.32848010528,SYNTHETIC,3600
1704405600,1,1.34305016662,SYNTHETIC,3600
1704409200,1,1.39822246091,SYNTHETIC,3600
1704412800,1,1.34276987034,SYNTHETIC,3600
1704416400,1,1.30002750281,SYNTHETIC,3600
1704420000,1,1.22807669097,SYNTHETIC,3600
1704423600,1,1.24762922343,SYNTHETIC,3600
1704427200,1,1.30571361592,SYNTHETIC,3600
1704430800,1,1.31155537389,SYNTHETIC,3600
1704434400,1,1.38614260638,SYNTHETIC,3600
1704438000,1,1.43318029522,SYNTHETIC,3600
1704441600,1,1.49505740133,SYNTHETIC,3600
1704445200,1,1.38934290991,SYNTHETIC,3600
1704448800,1,1.41230552589,SYNTHETIC,3600
1704452400,1,1.37689465505,SYNTHETIC,3600
1704456000,1,1.26949267086,SYNTHETIC,3600
1704459600,1,1.31218903524,SYNTHETIC,3600
1704463200,1,1.40427802273,SYNTHETIC,3600
1704466800,1,1.36902235349,SYNTHETIC,3600
1704470400,1,1.3724093909,SYNTHETIC,3600
1704474000,1,1.28853694998,SYNTHETIC,3600
1704477600,1,1.23486060999,SYNTHETIC,3600
1704481200,1,1.18260255971,SYNTHETIC,3600
1704484800,1,1.21045495616,SYNTHETIC,3600
1704488400,1,1.25320349131,SYNTHETIC,3600
1704492000,1,1.21970383368,SYNTHETIC,3600
1704495600,1,1.26253037834,SYNTHETIC,3600
1704499200,1,1.21333215437,SYNTHETIC,3600
1704502800,1,1.1499279577,SYNTHETIC,3600
1704506400,1,1.18039040147,SYNTHETIC,3600
1704510000,1,1.22568400047,SYNTHETIC,3600
1704513600,1,1.30735077859,SYNTHETIC,3600
1704517200,1,1.32578722642,SYNTHETIC,3600
1704520800,1,1.33686654297,SYNTHETIC,3600
1704524400,1,1.36455963254,SYNTHETIC,3600
1704528000,1,1.32994641009,SYNTHETIC,3600
1704531600,1,1.38803684771,SYNTHETIC,3600
1704535200,1,1.43393460856,SYNTHETIC,3600
1704538800,1,1.48782702205,SYNTHETIC,3600
1704542400,1,1.54804043251,SYNTHETIC,3600
1704546000,1,1.57710038334,SYNTHETIC,3600
1704549600,1,1.61119719037,SYNTHETIC,3600
1704553200,1,1.5943091551,SYNTHETIC,3600
1704556800,1,1.49793648967,SYNTHETIC,3600
1704560400,1,1.44064529047,SYNTHETIC,3600
1704564000,1,1.38960634893,SYNTHETIC,3600
1704567600,1,1.40918667999,SYNTHETIC,3600
1704571200,1,1.51944414283,SYNTHETIC,3600
1704574800,1,1.57334468073,SYNTHETIC,3600
1704578400,1,1.60942598045,SYNTHETIC,3600
1704582000,1,1.62687590556,SYNTHETIC,3600
1704585600,1,1.54043604374,SYNTHETIC,3600
1704589200,1,1.53885675083,SYNTHETIC,3600
1704592800,1,1.47026628,SYNTHETIC,3600
1704596400,1,1.3574314864,SYNTHETIC,3600
1704600000,1,1.29463995099,SYNTHETIC,3600
1704603600,1,1.32135045505,SYNTHETIC,3600
1704607200,1,1.29764828438,SYNTHETIC,3600
1704610800,1,1.35114121811,SYNTHETIC,3600
1704614400,1,1.41871897448,SYNTHETIC,3600
1704618000,1,1.49022367086,SYNTHETIC,3600
1704621600,1,1.38957935812,SYNTHETIC,3600
1704625200,1,1.43274083825,SYNTHETIC,3600
1704628800,1,1.55556069464,SYNTHETIC,3600
1704632400,1,1.47870776063,SYNTHETIC,3600
1704636000,1,1.55713105642,SYNTHETIC,3600
1704639600,1,1.52671307907,SYNTHETIC,3600
1704643200,1,1.51799748155,SYNTHETIC,3600
1704646800,1,1.47048573562,SYNTHETIC,3600
1704650400,1,1.44295314994,SYNTHETIC,3600
1704654000,1,1.46468043033,SYNTHETIC,3600
1704657600,1,1.41861410532,SYNTHETIC,3600
1704661200,1,1.36825772332,SYNTHETIC,3600
1704664800,1,1.44362009262,SYNTHETIC,3600
1704668400,1,1.43375940423,SYNTHETIC,3600
1704672000,1,1.41276363774,SYNTHETIC,3600
1704675600,1,1.35714723197,SYNTHETIC,3600
1704679200,1,1.42649171998,SYNTHETIC,3600
1704682800,1,1.42553699229,SYNTHETIC,3600
1704686400,1,1.52689982663,SYNTHETIC,3600
1704690000,1,1.46316272385,SYNTHETIC,3600
1704693600,1,1.41609860993,SYNTHETIC,3600
1704697200,1,1.44522924274,SYNTHETIC,3600
1704700800,1,1.42780559263,SYNTHETIC,3600
1704704400,1,1.5309204978,SYNTHETIC,3600
1704708000,1,1.5742730036,SYNTHETIC,3600
1704711600,1,1.54073520212,SYNTHETIC,3600
1704715200,1,1.61360479118,SYNTHETIC,3600
1704718800,1,1.67255024072,SYNTHETIC,3600
1704722400,1,1.61427934077,SYNTHETIC,3600
1704726000,1,1.56940165253,SYNTHETIC,3600
1704729600,1,1.4958075588,SYNTHETIC,3600
1704733200,1,1.55644863467,SYNTHETIC,3600
1704736800,1,1.52543921074,SYNTHETIC,3600
1704740400,1,1.48037453185,SYNTHETIC,3600
1704744000,1,1.51853098146,SYNTHETIC,3600
1704747600,1,1.46057196288,SYNTHETIC,3600
1704751200,1,1.43650540456,SYNTHETIC,3600
1704754800,1,1.54949576727,SYNTHETIC,3600
1704758400,1,1.45204294509,SYNTHETIC,3600
1704762000,1,1.42471936734,SYNTHETIC,3600
1704765600,1,1.4600727619,SYNTHETIC,3600
1704769200,1,1.41747714025,SYNTHETIC,3600
1704772800,1,1.38264359835,SYNTHETIC,3600
1704776400,1,1.45456415359,SYNTHETIC,3600
1704780000,1,1.55602224719,SYNTHETIC,3600
1704783600,1,1.4788605463,SYNTHETIC,3600
1704787200,1,1.5394210565,SYNTHETIC,3600
1704790800,1,1.5561158908,SYNTHETIC,3600
1704794400,1,1.62776449761,SYNTHETIC,3600
1704798000,1,1.62764549576,SYNTHETIC,3600
1704801600,1,1.68766739064,SYNTHETIC,3600
1704805200,1,1.80457313029,SYNTHETIC,3600
1704808800,1,1.76467952167,SYNTHETIC,3600
1704812400,1,1.74861390779,SYNTHETIC,3600
1704816000,1,1.72463103173,SYNTHETIC,3600
1704819600,1,1.65550316926,SYNTHETIC,3600
1704823200,0,1.65105286909,SYNTHETIC,3600
1704826800,0,1.57238409852,SYNTHETIC,3600
1704830400,0,1.53060338518,SYNTHETIC,3600
1704834000,0,1.42815568828,SYNTHETIC,3600
1704837600,0,1.37045944368,SYNTHETIC,3600
1704841200,0,1.37969178554,SYNTHETIC,3600
1704844800,0,1.42829151036,SYNTHETIC,3600
1704848400,0,1.41985083217,SYNTHETIC,3600
1704852000,0,1.39304997234,SYNTHETIC,3600
1704855600,0,1.37785043352,SYNTHETIC,3600
1704859200,0,1.35244705167,SYNTHETIC,3600
1704862800,0,1.40284044602,SYNTHETIC,3600
1704866400,0,1.41890148239,SYNTHETIC,3600
1704870000,0,1.40438434268,SYNTHETIC,3600
1704873600,0,1.46397088824,SYNTHETIC,3600
1704877200,0,1.53305379394,SYNTHETIC,3600
1704880800,0,1.54602368778,SYNTHETIC,3600
1704884400,0,1.64290430055,SYNTHETIC,3600
1704888000,0,1.68986059467,SYNTHETIC,3600
1704891600,0,1.60473442092,SYNTHETIC,3600
1704895200,0,1.6652786787,SYNTHETIC,3600
1704898800,0,1.66540324529,SYNTHETIC,3600
1704902400,0,1.60940152208,SYNTHETIC,3600
1704906000,0,1.66481767027,SYNTHETIC,3600
1704909600,0,1.72579143372,SYNTHETIC,3600
1704913200,0,1.62811091962,SYNTHETIC,3600
1704916800,0,1.55753664585,SYNTHETIC,3600
1704920400,0,1.5367873371,SYNTHETIC,3600
1704924000,0,1.53162880723,SYNTHETIC,3600
1704927600,0,1.47070553396,SYNTHETIC,3600
1704931200,0,1.55313448632,SYNTHETIC,3600
1704934800,0,1.63856339413,SYNTHETIC,3600
1704938400,0,1.63071398225,SYNTHETIC,3600
1704942000,0,1.70653226645,SYNTHETIC,3600
1704945600,0,1.67982923911,SYNTHETIC,3600
1704949200,0,1.63272263916,SYNTHETIC,3600
1704952800,0,1.68935462581,SYNTHETIC,3600
1704956400,0,1.62262000846,SYNTHETIC,3600
1704960000,0,1.573433118,SYNTHETIC,3600
1704963600,0,1.63229969577,SYNTHETIC,3600
1704967200,0,1.57987408709,SYNTHETIC,3600
1704970800,0,1.54511265338,SYNTHETIC,3600
1704974400,0,1.54847367375,SYNTHETIC,3600
1704978000,0,1.63750912961,SYNTHETIC,3600
1704981600,0,1.66118142517,SYNTHETIC,3600
1704985200,0,1.70822623357,SYNTHETIC,3600
1704988800,0,1.64798906961,SYNTHETIC,3600
1704992400,0,1.67128160263,SYNTHETIC,3600
1704996000,0,1.68003901434,SYNTHETIC,3600
1704999600,0,1.58562115517,SYNTHETIC,3600
1705003200,0,1.69974100698,SYNTHETIC,3600
1705006800,0,1.61544007717,SYNTHETIC,3600
1705010400,0,1.50328588601,SYNTHETIC,3600
1705014000,0,1.42077929856,SYNTHETIC,3600
1705017600,0,1.3971470536,SYNTHETIC,3600
1705021200,0,1.35982076032,SYNTHETIC,3600
1705024800,0,1.37110772228,SYNTHETIC,3600
1705028400,0,1.41355203382,SYNTHETIC,3600
1705032000,0,1.35788717684,SYNTHETIC,3600
1705035600,0,1.33993445263,SYNTHETIC,3600
1705039200,0,1.34122962844,SYNTHETIC,3600
1705042800,0,1.41923119214,SYNTHETIC,3600
1705046400,0,1.33268752675,SYNTHETIC,3600
1705050000,0,1.24921398522,SYNTHETIC,3600
1705053600,0,1.29552851194,SYNTHETIC,3600
1705057200,0,1.34859783324,SYNTHETIC,3600
1705060800,0,1.37887694698,SYNTHETIC,3600
1705064400,0,1.4066149046,SYNTHETIC,3600
1705068000,0,1.49808349247,SYNTHETIC,3600
1705071600,0,1.49008253337,SYNTHETIC,3600
1705075200,0,1.3962351662,SYNTHETIC,3600
1705078800,0,1.30755917516,SYNTHETIC,3600
1705082400,0,1.31336688049,SYNTHETIC,3600
1705086000,0,1.31464199142,SYNTHETIC,3600
1705089600,0,1.30369753222,SYNTHETIC,3600
1705093200,0,1.33964447686,SYNTHETIC,3600
1705096800,0,1.38126090851,SYNTHETIC,3600
1705100400,0,1.36877912958,SYNTHETIC,3600
1705104000,0,1.36906637018,SYNTHETIC,3600
1705107600,0,1.4053612615,SYNTHETIC,3600
1705111200,0,1.3793577844,SYNTHETIC,3600
1705114800,0,1.33570248088,SYNTHETIC,3600
1705118400,0,1.33622591995,SYNTHETIC,3600
1705122000,0,1.36989105404,SYNTHETIC,3600
1705125600,0,1.44675893168,SYNTHETIC,3600
1705129200,0,1.38998366254,SYNTHETIC,3600
1705132800,0,1.39670969081,SYNTHETIC,3600
1705136400,0,1.38950942151,SYNTHETIC,3600
1705140000,0,1.3326034246,SYNTHETIC,3600
1705143600,0,1.38956607083,SYNTHETIC,3600
1705147200,0,1.41821015977,SYNTHETIC,3600
1705150800,0,1.36416135467,SYNTHETIC,3600
1705154400,0,1.48548574914,SYNTHETIC,3600
1705158000,0,1.4080269236,SYNTHETIC,3600
1705161600,0,1.4030535313,SYNTHETIC,3600
1705165200,0,1.37852066298,SYNTHETIC,3600
1705168800,0,1.32182995682,SYNTHETIC,3600
1705172400,0,1.39912379775,SYNTHETIC,3600
1705176000,0,1.39203547023,SYNTHETIC,3600
1705179600,0,1.43226025777,SYNTHETIC,3600
1705183200,0,1.40448943687,SYNTHETIC,3600
1705186800,0,1.48039159783,SYNTHETIC,3600
1705190400,0,1.52447316137,SYNTHETIC,3600
1705194000,0,1.540243886,SYNTHETIC,3600
1705197600,0,1.44275629613,SYNTHETIC,3600
1705201200,0,1.44701220065,SYNTHETIC,3600
1705204800,0,1.44312126936,SYNTHETIC,3600
1705208400,0,1.49916989458,SYNTHETIC,3600
1705212000,0,1.506042543,SYNTHETIC,3600
1705215600,0,1.44021478199,SYNTHETIC,3600
1705219200,0,1.41250396482,SYNTHETIC,3600
1705222800,0,1.44410121405,SYNTHETIC,3600
1705226400,0,1.51539614063,SYNTHETIC,3600
1705230000,0,1.41039259197,SYNTHETIC,3600
1705233600,0,1.41683047172,SYNTHETIC,3600
1705237200,0,1.5192410309,SYNTHETIC,3600
1705240800,0,1.40779834487,SYNTHETIC,3600
1705244400,0,1.40938003097,SYNTHETIC,3600
1705248000,0,1.44215952937,SYNTHETIC,3600
1705251600,0,1.4861080185,SYNTHETIC,3600
1705255200,0,1.41116804939,SYNTHETIC,3600
1705258800,0,1.46464852336,SYNTHETIC,3600
1705262400,0,1.4324543922,SYNTHETIC,3600
1705266000,0,1.49294731228,SYNTHETIC,3600
1705269600,0,1.57310731542,SYNTHETIC,3600
1705273200,0,1.58906579281,SYNTHETIC,3600
1705276800,0,1.60648897566,SYNTHETIC,3600
1705280400,0,1.55740704049,SYNTHETIC,3600
1705284000,0,1.50338852393,SYNTHETIC,3600
1705287600,0,1.40771292825,SYNTHETIC,3600
1705291200,0,1.41049939385,SYNTHETIC,3600
1705294800,0,1.42426682921,SYNTHETIC,3600
1705298400,0,1.38627856749,SYNTHETIC,3600
1705302000,0,1.30146460603,SYNTHETIC,3600
1705305600,0,1.2567592863,SYNTHETIC,3600
1705309200,0,1.25729501238,SYNTHETIC,3600
1705312800,0,1.33294147972,SYNTHETIC,3600
1705316400,0,1.38353245378,SYNTHETIC,3600
1705320000,0,1.29744429202,SYNTHETIC,3600
1705323600,0,1.39824744157,SYNTHETIC,3600
1705327200,0,1.4515254701,SYNTHETIC,3600
1705330800,0,1.38750885241,SYNTHETIC,3600
1705334400,0,1.38959586648,SYNTHETIC,3600
1705338000,0,1.36977382656,SYNTHETIC,3600
1705341600,0,1.29112279351,SYNTHETIC,3600
1705345200,0,1.29079822958,SYNTHETIC,3600
1705348800,0,1.19993107249,SYNTHETIC,3600
1705352400,0,1.23726848199,SYNTHETIC,3600
1705356000,0,1.28927068977,SYNTHETIC,3600
1705359600,0,1.361861747,SYNTHETIC,3600
1705363200,0,1.33677168652,SYNTHETIC,3600
1705366800,0,1.3354611807,SYNTHETIC,3600
1705370400,0,1.38726805047,SYNTHETIC,3600
1705374000,0,1.32299913198,SYNTHETIC,3600
1705377600,0,1.29264257941,SYNTHETIC,3600
1705381200,0,1.28975189547,SYNTHETIC,3600
1705384800,0,1.28211358131,SYNTHETIC,3600
1705388400,0,1.26514596313,SYNTHETIC,3600
1705392000,0,1.21478337902,SYNTHETIC,3600
1705395600,0,1.20564453284,SYNTHETIC,3600
1705399200,0,1.16907122836,SYNTHETIC,3600
1705402800,0,1.12094205053,SYNTHETIC,3600
1705406400,0,1.08932778713,SYNTHETIC,3600
1705410000,0,1.09048937378,SYNTHETIC,3600
1705413600,0,1.17534116235,SYNTHETIC,3600
1705417200,0,1.15650556811,SYNTHETIC,3600
1705420800,0,1.27761865004,SYNTHETIC,3600
1705424400,0,1.31287639521,SYNTHETIC,3600
1705428000,0,1.36824208865,SYNTHETIC,3600
1705431600,0,1.42367170841,SYNTHETIC,3600
1705435200,0,1.4180026195,SYNTHETIC,3600
1705438800,0,1.39341081697,SYNTHETIC,3600
1705442400,0,1.31461649651,SYNTHETIC,3600
1705446000,0,1.28159534444,SYNTHETIC,3600
1705449600,0,1.38601468165,SYNTHETIC,3600
1705453200,0,1.43915766886,SYNTHETIC,3600
1705456800,0,1.49886240163,SYNTHETIC,3600
1705460400,0,1.52887566348,SYNTHETIC,3600
1705464000,0,1.41524476658,SYNTHETIC,3600
1705467600,0,1.43652112313,SYNTHETIC,3600
1705471200,0,1.45182258128,SYNTHETIC,3600
1705474800,0,1.55703339761,SYNTHETIC,3600
1705478400,0,1.42981887303,SYNTHETIC,3600
1705482000,0,1.36158596313,SYNTHETIC,3600
1705485600,0,1.39493148404,SYNTHETIC,3600
1705489200,0,1.42223659896,SYNTHETIC,3600
1705492800,0,1.40143947214,SYNTHETIC,3600
1705496400,0,1.3726308885,SYNTHETIC,3600
1705500000,0,1.30511766453,SYNTHETIC,3600
1705503600,0,1.36404592878,SYNTHETIC,3600
1705507200,0,1.33349520639,SYNTHETIC,3600
1705510800,0,1.29003566902,SYNTHETIC,3600
1705514400,0,1.26746704437,SYNTHETIC,3600
1705518000,0,1.25020416188,SYNTHETIC,3600
1705521600,0,1.24352130492,SYNTHETIC,3600
1705525200,0,1.21996760299,SYNTHETIC,3600
1705528800,0,1.24295993312,SYNTHETIC,3600
1705532400,0,1.27881976378,SYNTHETIC,3600
1705536000,0,1.34494176648,SYNTHETIC,3600
1705539600,0,1.39275215852,SYNTHETIC,3600
1705543200,0,1.39667909593,SYNTHETIC,3600
1705546800,0,1.43253280036,SYNTHETIC,3600
1705550400,0,1.53127313515,SYNTHETIC,3600
1705554000,0,1.51092122182,SYNTHETIC,3600
1705557600,0,1.54511248163,SYNTHETIC,3600
1705561200,0,1.54034314846,SYNTHETIC,3600
1705564800,0,1.5476762873,SYNTHETIC,3600
1705568400,0,1.5771018746,SYNTHETIC,3600
1705572000,0,1.51953309014,SYNTHETIC,3600
1705575600,0,1.46630074445,SYNTHETIC,3600
1705579200,0,1.50365292299,SYNTHETIC,3600
1705582800,0,1.39529139889,SYNTHETIC,3600
1705586400,0,1.44287571592,SYNTHETIC,3600
1705590000,0,1.40995577674,SYNTHETIC,3600
1705593600,0,1.37607592141,SYNTHETIC,3600
1705597200,0,1.40779112689,SYNTHETIC,3600
1705600800,0,1.39606179137,SYNTHETIC,3600
1705604400,0,1.43396010512,SYNTHETIC,3600
1705608000,0,1.45866529404,SYNTHETIC,3600
1705611600,0,1.51798797542,SYNTHETIC,3600
1705615200,0,1.46450645274,SYNTHETIC,3600
1705618800,0,1.43935687708,SYNTHETIC,3600
1705622400,0,1.34908698477,SYNTHETIC,3600
1705626000,0,1.34194095487,SYNTHETIC,3600
1705629600,0,1.41405317057,SYNTHETIC,3600
1705633200,0,1.4383024739,SYNTHETIC,3600
1705636800,0,1.42003625548,SYNTHETIC,3600
1705640400,0,1.42871199786,SYNTHETIC,3600
1705644000,0,1.42765689081,SYNTHETIC,3600
1705647600,0,1.35539712527,SYNTHETIC,3600
1705651200,0,1.41683347155,SYNTHETIC,3600
1705654800,0,1.41534914014,SYNTHETIC,3600
1705658400,0,1.46277024086,SYNTHETIC,3600
1705662000,0,1.51881823542,SYNTHETIC,3600
1705665600,0,1.61279145614,SYNTHETIC,3600
1705669200,0,1.58574467957,SYNTHETIC,3600
1705672800,0,1.56772865764,SYNTHETIC,3600
1705676400,0,1.52287258011,SYNTHETIC,3600
1705680000,0,1.48053083833,SYNTHETIC,3600
1705683600,0,1.53635642514,SYNTHETIC,3600
1705687200,0,1.49027602729,SYNTHETIC,3600
1705690800,0,1.49956569491,SYNTHETIC,3600
1705694400,0,1.41397244022,SYNTHETIC,3600
1705698000,0,1.46818457021,SYNTHETIC,3600
1705701600,0,1.53141927,SYNTHETIC,3600
1705705200,0,1.482042748,SYNTHETIC,3600
1705708800,0,1.40614082257,SYNTHETIC,3600
1705712400,0,1.36423344392,SYNTHETIC,3600
1705716000,0,1.38526610966,SYNTHETIC,3600
1705719600,0,1.37736433362,SYNTHETIC,3600
1705723200,0,1.29139115622,SYNTHETIC,3600
1705726800,0,1.21611657636,SYNTHETIC,3600
1705730400,0,1.2014575016,SYNTHETIC,3600
1705734000,0,1.17747756364,SYNTHETIC,3600
1705737600,1,1.25912725839,SYNTHETIC,3600
1705741200,1,1.29822554045,SYNTHETIC,3600
1705744800,1,1.23166564693,SYNTHETIC,3600
1705748400,1,1.22316902756,SYNTHETIC,3600
1705752000,1,1.25027778961,SYNTHETIC,3600
1705755600,1,1.26620380471,SYNTHETIC,3600
1705759200,1,1.3303264465,SYNTHETIC,3600
1705762800,1,1.34056220917,SYNTHETIC,3600
1705766400,1,1.37045100236,SYNTHETIC,3600
1705770000,1,1.29650372911,SYNTHETIC,3600
1705773600,1,1.24968231277,SYNTHETIC,3600
1705777200,1,1.28261237858,SYNTHETIC,3600
1705780800,1,1.25427932365,SYNTHETIC,3600
1705784400,1,1.39607393496,SYNTHETIC,3600
1705788000,1,1.32903828051,SYNTHETIC,3600
1705791600,1,1.35571807394,SYNTHETIC,3600
1705795200,1,1.51159111968,SYNTHETIC,3600
1705798800,1,1.50093223292,SYNTHETIC,3600
1705802400,1,1.52228171965,SYNTHETIC,3600
1705806000,1,1.50243117903,SYNTHETIC,3600
1705809600,1,1.4744032582,SYNTHETIC,3600
1705813200,1,1.50811421946,SYNTHETIC,3600
1705816800,1,1.47936922612,SYNTHETIC,3600
1705820400,1,1.51915867639,SYNTHETIC,3600
1705824000,1,1.54309358067,SYNTHETIC,3600
1705827600,1,1.50173664106,SYNTHETIC,3600
1705831200,1,1.56019396685,SYNTHETIC,3600
1705834800,1,1.57963042328,SYNTHETIC,3600
1705838400,1,1.62831572389,SYNTHETIC,3600
1705842000,1,1.52739228426,SYNTHETIC,3600
1705845600,1,1.59302583473,SYNTHETIC,3600
1705849200,1,1.60038266759,SYNTHETIC,3600
1705852800,1,1.67100950288,SYNTHETIC,3600
1705856400,1,1.67304017373,SYNTHETIC,3600
1705860000,1,1.67784704813,SYNTHETIC,3600
1705863600,1,1.64681422793,SYNTHETIC,3600
1705867200,1,1.70205548297,SYNTHETIC,3600
1705870800,1,1.67269972775,SYNTHETIC,3600
1705874400,1,1.65519562949,SYNTHETIC,3600
1705878000,1,1.60131966493,SYNTHETIC,3600
1705881600,1,1.56697016257,SYNTHETIC,3600
1705885200,1,1.59487517401,SYNTHETIC,3600
1705888800,1,1.60650549466,SYNTHETIC,3600
1705892400,1,1.65172478961,SYNTHETIC,3600
1705896000,1,1.69295606452,SYNTHETIC,3600
1705899600,1,1.57485653992,SYNTHETIC,3600
1705903200,1,1.60896461167,SYNTHETIC,3600
1705906800,1,1.63725289984,SYNTHETIC,3600
1705910400,1,1.57383776527,SYNTHETIC,3600
1705914000,1,1.58307695924,SYNTHETIC,3600
1705917600,1,1.62296736996,SYNTHETIC,3600
1705921200,1,1.66337231979,SYNTHETIC,3600
1705924800,1,1.6271910921,SYNTHETIC,3600
1705928400,1,1.6288548385,SYNTHETIC,3600
1705932000,1,1.62260238885,SYNTHETIC,3600
1705935600,1,1.59667274644,SYNTHETIC,3600
1705939200,1,1.69869290346,SYNTHETIC,3600
1705942800,1,1.63124967109,SYNTHETIC,3600
1705946400,1,1.63834912104,SYNTHETIC,3600
1705950000,1,1.60393759792,SYNTHETIC,3600
1705953600,1,1.49332144474,SYNTHETIC,3600
1705957200,1,1.65357787946,SYNTHETIC,3600
1705960800,1,1.68663993736,SYNTHETIC,3600
1705964400,1,1.7890060579,SYNTHETIC,3600
1705968000,1,1.86738945207,SYNTHETIC,3600
1705971600,1,1.81960890725,SYNTHETIC,3600
1705975200,1,1.82518685612,SYNTHETIC,3600
1705978800,1,1.70010021457,SYNTHETIC,3600
1705982400,1,1.66011483996,SYNTHETIC,3600
1705986000,1,1.56386154073,SYNTHETIC,3600
1705989600,1,1.6534094371,SYNTHETIC,3600
1705993200,1,1.5696297057,SYNTHETIC,3600
1705996800,1,1.51227971547,SYNTHETIC,3600
1706000400,1,1.43442379804,SYNTHETIC,3600
1706004000,1,1.42363606351,SYNTHETIC,3600
1706007600,1,1.43166942266,SYNTHETIC,3600
1706011200,1,1.44971788565,SYNTHETIC,3600
1706014800,1,1.46097856047,SYNTHETIC,3600
1706018400,1,1.47485451295,SYNTHETIC,3600
1706022000,1,1.52325649735,SYNTHETIC,3600
1706025600,1,1.52802460846,SYNTHETIC,3600
1706029200,1,1.55263108901,SYNTHETIC,3600
1706032800,1,1.51616959209,SYNTHETIC,3600
1706036400,1,1.444172807,SYNTHETIC,3600
1706040000,1,1.41671031463,SYNTHETIC,3600
1706043600,1,1.53084116516,SYNTHETIC,3600
1706047200,1,1.58637369396,SYNTHETIC,3600
1706050800,1,1.53649273391,SYNTHETIC,3600
1706054400,1,1.5575404868,SYNTHETIC,3600
1706058000,1,1.60247807091,SYNTHETIC,3600
1706061600,1,1.682238216,SYNTHETIC,3600
1706065200,1,1.65636612756,SYNTHETIC,3600
1706068800,1,1.68116647724,SYNTHETIC,3600
1706072400,1,1.6738062531,SYNTHETIC,3600
1706076000,1,1.65894244055,SYNTHETIC,3600
1706079600,1,1.58954471274,SYNTHETIC,3600
1706083200,1,1.48698721367,SYNTHETIC,3600
1706086800,1,1.57602471182,SYNTHETIC,3600
1706090400,1,1.56956774085,SYNTHETIC,3600
1706094000,1,1.5343205469,SYNTHETIC,3600
1706097600,1,1.53989564562,SYNTHETIC,3600
1706101200,1,1.49444258511,SYNTHETIC,3600
1706104800,1,1.58362411597,SYNTHETIC,3600
1706108400,1,1.49355946462,SYNTHETIC,3600
1706112000,1,1.5342651063,SYNTHETIC,3600
1706115600,1,1.54686396444,SYNTHETIC,3600
1706119200,1,1.5010048526,SYNTHETIC,3600
1706122800,1,1.43697990773,SYNTHETIC,3600
1706126400,1,1.5032560887,SYNTHETIC,3600
1706130000,1,1.4695137918,SYNTHETIC,3600
1706133600,1,1.38566626485,SYNTHETIC,3600
1706137200,1,1.43974135037,SYNTHETIC,3600
1706140800,1,1.43037883919,SYNTHETIC,3600
1706144400,1,1.47321501539,SYNTHETIC,3600
1706148000,1,1.48021757133,SYNTHETIC,3600
1706151600,1,1.55023769791,SYNTHETIC,3600
1706155200,1,1.52451388144,SYNTHETIC,3600
1706158800,1,1.55719463067,SYNTHETIC,3600
1706162400,1,1.53748263828,SYNTHETIC,3600
1706166000,1,1.46150008434,SYNTHETIC,3600
1706169600,1,1.44567289737,SYNTHETIC,3600
1706173200,1,1.38041310313,SYNTHETIC,3600
1706176800,1,1.40742777655,SYNTHETIC,3600
1706180400,1,1.42007183212,SYNTHETIC,3600
1706184000,1,1.49437878715,SYNTHETIC,3600
1706187600,1,1.41485207129,SYNTHETIC,3600
1706191200,1,1.43112839642,SYNTHETIC,3600
1706194800,1,1.54169401382,SYNTHETIC,3600
1706198400,1,1.59634719009,SYNTHETIC,3600
1706202000,1,1.69765251207,SYNTHETIC,3600
1706205600,1,1.68984687769,SYNTHETIC,3600
1706209200,1,1.68638852899,SYNTHETIC,3600
1706212800,1,1.60778970616,SYNTHETIC,3600
1706216400,1,1.52824483912,SYNTHETIC,3600
1706220000,1,1.53535160109,SYNTHETIC,3600
1706223600,1,1.56122151361,SYNTHETIC,3600
1706227200,1,1.60684209729,SYNTHETIC,3600
1706230800,1,1.61776280177,SYNTHETIC,3600
1706234400,1,1.53896905238,SYNTHETIC,3600
1706238000,1,1.56013861539,SYNTHETIC,3600
1706241600,1,1.61677127035,SYNTHETIC,3600
1706245200,1,1.67040977338,SYNTHETIC,3600
1706248800,1,1.63096047593,SYNTHETIC,3600
1706252400,1,1.62857441211,SYNTHETIC,3600
1706256000,1,1.58713935625,SYNTHETIC,3600
1706259600,1,1.54080675252,SYNTHETIC,3600
1706263200,1,1.58086755979,SYNTHETIC,3600
1706266800,1,1.53882022797,SYNTHETIC,3600
1706270400,1,1.49966128124,SYNTHETIC,3600
1706274000,1,1.55270480362,SYNTHETIC,3600
1706277600,1,1.48118381934,SYNTHETIC,3600
1706281200,0,1.42507183156,SYNTHETIC,3600
1706284800,0,1.4367216919,SYNTHETIC,3600
1706288400,0,1.53291544282,SYNTHETIC,3600
1706292000,0,1.53154783221,SYNTHETIC,3600
1706295600,0,1.51091948609,SYNTHETIC,3600
1706299200,0,1.45955745829,SYNTHETIC,3600
1706302800,0,1.48340818756,SYNTHETIC,3600
1706306400,0,1.3789961926,SYNTHETIC,3600
1706310000,0,1.39141841878,SYNTHETIC,3600
1706313600,0,1.45419395525,SYNTHETIC,3600
1706317200,0,1.43646699251,SYNTHETIC,3600
1706320800,0,1.40861705631,SYNTHETIC,3600
1706324400,0,1.35734514297,SYNTHETIC,3600
1706328000,0,1.32784329541,SYNTHETIC,3600
1706331600,0,1.366132763,SYNTHETIC,3600
1706335200,0,1.56388414805,SYNTHETIC,3600
1706338800,0,1.55677705915,SYNTHETIC,3600
1706342400,0,1.63250921937,SYNTHETIC,3600
1706346000,0,1.64517619843,SYNTHETIC,3600
1706349600,0,1.63103667832,SYNTHETIC,3600
1706353200,0,1.534668167,SYNTHETIC,3600
1706356800,0,1.48551269405,SYNTHETIC,3600
1706360400,0,1.50645787243,SYNTHETIC,3600
1706364000,0,1.53899049524,SYNTHETIC,3600
1706367600,0,1.56318690938,SYNTHETIC,3600
1706371200,0,1.5941967902,SYNTHETIC,3600
1706374800,0,1.68426328203,SYNTHETIC,3600
1706378400,0,1.75377387219,SYNTHETIC,3600
1706382000,0,1.8050297448,SYNTHETIC,3600
1706385600,0,1.81301834322,SYNTHETIC,3600
1706389200,0,1.82870412321,SYNTHETIC,3600
1706392800,0,1.81429985029,SYNTHETIC,3600
1706396400,0,1.8391054787,SYNTHETIC,3600
1706400000,0,1.96532357956,SYNTHETIC,3600
1706403600,0,1.8827632925,SYNTHETIC,3600
1706407200,0,1.86984077615,SYNTHETIC,3600
1706410800,0,1.88694692879,SYNTHETIC,3600
1706414400,0,1.91046768608,SYNTHETIC,3600
1706418000,0,1.90924670602,SYNTHETIC,3600
1706421600,0,1.95065073548,SYNTHETIC,3600
1706425200,0,1.94135060096,SYNTHETIC,3600
1706428800,0,1.95369679292,SYNTHETIC,3600
1706432400,0,1.8932298586,SYNTHETIC,3600
1706436000,0,1.86378757437,SYNTHETIC,3600
1706439600,0,1.88042327223,SYNTHETIC,3600
1706443200,0,1.91076337632,SYNTHETIC,3600
1706446800,0,2.00551974607,SYNTHETIC,3600
1706450400,0,1.93817221738,SYNTHETIC,3600
1706454000,0,1.95282795263,SYNTHETIC,3600
1706457600,0,1.85460229923,SYNTHETIC,3600
1706461200,0,1.89680695009,SYNTHETIC,3600
1706464800,0,1.89670189363,SYNTHETIC,3600
1706468400,0,1.99360277811,SYNTHETIC,3600
1706472000,0,1.9877633236,SYNTHETIC,3600
1706475600,0,1.92525477384,SYNTHETIC,3600
1706479200,0,1.93123088341,SYNTHETIC,3600
1706482800,0,1.82762111513,SYNTHETIC,3600
1706486400,0,1.82724021777,SYNTHETIC,3600
1706490000,0,1.80675022287,SYNTHETIC,3600
1706493600,0,1.73364708568,SYNTHETIC,3600
1706497200,0,1.72663044381,SYNTHETIC,3600
1706500800,0,1.62318603466,SYNTHETIC,3600
1706504400,0,1.72946783604,SYNTHETIC,3600
1706508000,0,1.63915970375,SYNTHETIC,3600
1706511600,0,1.54196209656,SYNTHETIC,3600
1706515200,0,1.44996552295,SYNTHETIC,3600
1706518800,0,1.42344793589,SYNTHETIC,3600
1706522400,0,1.39223522638,SYNTHETIC,3600
1706526000,0,1.4731374499,SYNTHETIC,3600
1706529600,0,1.46452927203,SYNTHETIC,3600
1706533200,0,1.4222229314,SYNTHETIC,3600
1706536800,0,1.39367078149,SYNTHETIC,3600
1706540400,0,1.34670989223,SYNTHETIC,3600
1706544000,0,1.45574075137,SYNTHETIC,3600
1706547600,0,1.43160634147,SYNTHETIC,3600
1706551200,0,1.53149413923,SYNTHETIC,3600
1706554800,0,1.47345522268,SYNTHETIC,3600
1706558400,0,1.38738926307,SYNTHETIC,3600
1706562000,0,1.35335954124,SYNTHETIC,3600
1706565600,0,1.38376794174,SYNTHETIC,3600
1706569200,0,1.46652848375,SYNTHETIC,3600
1706572800,0,1.46659797823,SYNTHETIC,3600
1706576400,0,1.52980650508,SYNTHETIC,3600
1706580000,0,1.57700383363,SYNTHETIC,3600
1706583600,0,1.60829388762,SYNTHETIC,3600
1706587200,0,1.64597866274,SYNTHETIC,3600
1706590800,0,1.69995679724,SYNTHETIC,3600
1706594400,0,1.69568263801,SYNTHETIC,3600
1706598000,0,1.75342663412,SYNTHETIC,3600
1706601600,0,1.761161512,SYNTHETIC,3600
1706605200,0,1.70336615365,SYNTHETIC,3600
1706608800,0,1.73379980507,SYNTHETIC,3600
1706612400,0,1.65405087078,SYNTHETIC,3600
1706616000,0,1.63433708267,SYNTHETIC,3600
1706619600,0,1.68718604482,SYNTHETIC,3600
1706623200,0,1.5686776166,SYNTHETIC,3600
1706626800,0,1.60013036723,SYNTHETIC,3600
1706630400,0,1.61328033067,SYNTHETIC,3600
1706634000,0,1.59453031754,SYNTHETIC,3600
1706637600,0,1.58370682169,SYNTHETIC,3600
1706641200,0,1.6165593981,SYNTHETIC,3600
1706644800,0,1.70594167344,SYNTHETIC,3600
1706648400,0,1.66915458547,SYNTHETIC,3600
1706652000,0,1.59046364851,SYNTHETIC,3600
1706655600,0,1.59217074329,SYNTHETIC,3600
1706659200,0,1.5392200967,SYNTHETIC,3600
1706662800,0,1.48363583003,SYNTHETIC,3600
1706666400,0,1.39919991198,SYNTHETIC,3600
1706670000,0,1.42713486089,SYNTHETIC,3600
1706673600,0,1.46926355198,SYNTHETIC,3600
1706677200,0,1.49142839965,SYNTHETIC,3600
1706680800,0,1.50381737126,SYNTHETIC,3600
1706684400,0,1.5029060317,SYNTHETIC,3600
1706688000,0,1.44503140023,SYNTHETIC,3600
1706691600,0,1.45683378955,SYNTHETIC,3600
1706695200,0,1.40581973724,SYNTHETIC,3600
1706698800,0,1.3231179371,SYNTHETIC,3600
1706702400,0,1.26436793503,SYNTHETIC,3600
1706706000,0,1.20443342226,SYNTHETIC,3600
1706709600,0,1.15255557639,SYNTHETIC,3600
1706713200,0,1.08523357517,SYNTHETIC,3600
1706716800,0,1.09865561027,SYNTHETIC,3600
1706720400,0,1.11956904236,SYNTHETIC,3600
1706724000,0,1.18640878829,SYNTHETIC,3600
1706727600,0,1.28635904275,SYNTHETIC,3600
1706731200,0,1.37295175771,SYNTHETIC,3600
1706734800,0,1.28840056133,SYNTHETIC,3600
1706738400,0,1.30492684115,SYNTHETIC,3600
1706742000,0,1.25063395988,SYNTHETIC,3600
1706745600,0,1.31497829325,SYNTHETIC,3600
1706749200,0,1.27945746441,SYNTHETIC,3600
1706752800,0,1.26296171735,SYNTHETIC,3600
1706756400,0,1.27327527505,SYNTHETIC,3600
1706760000,0,1.28025482188,SYNTHETIC,3600
1706763600,0,1.32828128102,SYNTHETIC,3600
1706767200,0,1.3946667007,SYNTHETIC,3600
1706770800,0,1.37236103527,SYNTHETIC,3600
1706774400,0,1.36171593327,SYNTHETIC,3600
1706778000,0,1.31551337676,SYNTHETIC,3600
1706781600,0,1.40281072481,SYNTHETIC,3600
1706785200,0,1.41081003704,SYNTHETIC,3600
1706788800,0,1.37459774946,SYNTHETIC,3600
1706792400,0,1.36313571189,SYNTHETIC,3600
1706796000,0,1.40229915109,SYNTHETIC,3600
1706799600,0,1.37481473526,SYNTHETIC,3600
1706803200,0,1.3298005105,SYNTHETIC,3600
1706806800,0,1.37130194167,SYNTHETIC,3600
1706810400,0,1.33650642477,SYNTHETIC,3600
1706814000,0,1.30859729175,SYNTHETIC,3600
1706817600,0,1.25649443068,SYNTHETIC,3600
1706821200,0,1.22116659306,SYNTHETIC,3600
1706824800,0,1.31730529437,SYNTHETIC,3600
1706828400,0,1.22830444789,SYNTHETIC,3600
1706832000,0,1.27604307714,SYNTHETIC,3600
1706835600,0,1.25664541979,SYNTHETIC,3600
1706839200,0,1.31273335065,SYNTHETIC,3600
1706842800,0,1.35162850365,SYNTHETIC,3600
1706846400,0,1.38934631836,SYNTHETIC,3600
1706850000,0,1.36846512052,SYNTHETIC,3600
1706853600,0,1.42964819339,SYNTHETIC,3600
1706857200,0,1.39485976489,SYNTHETIC,3600
1706860800,0,1.41384421386,SYNTHETIC,3600
1706864400,0,1.4402681568,SYNTHETIC,3600
1706868000,0,1.36547941912,SYNTHETIC,3600
1706871600,0,1.29333759234,SYNTHETIC,3600
1706875200,0,1.29026030839,SYNTHETIC,3600
1706878800,0,1.24707023294,SYNTHETIC,3600
1706882400,0,1.20921740477,SYNTHETIC,3600
1706886000,0,1.22046519155,SYNTHETIC,3600
1706889600,0,1.23345282357,SYNTHETIC,3600
1706893200,0,1.17616430229,SYNTHETIC,3600
1706896800,0,1.19900320524,SYNTHETIC,3600
1706900400,0,1.17759101504,SYNTHETIC,3600
1706904000,0,1.22424859756,SYNTHETIC,3600
1706907600,0,1.19718279298,SYNTHETIC,3600
1706911200,0,1.1695679104,SYNTHETIC,3600
1706914800,0,1.11973608485,SYNTHETIC,3600
1706918400,0,1.19584568414,SYNTHETIC,3600
1706922000,0,1.14894460352,SYNTHETIC,3600
1706925600,0,1.20622454258,SYNTHETIC,3600
1706929200,0,1.24369909145,SYNTHETIC,3600
1706932800,0,1.24023830158,SYNTHETIC,3600
1706936400,0,1.1831900732,SYNTHETIC,3600
1706940000,0,1.22116858325,SYNTHETIC,3600
1706943600,0,1.23028382477,SYNTHETIC,3600
1706947200,0,1.18223586082,SYNTHETIC,3600
1706950800,0,1.14753576493,SYNTHETIC,3600
1706954400,0,1.10808460466,SYNTHETIC,3600
1706958000,0,1.07421169406,SYNTHETIC,3600
1706961600,0,1.14801332029,SYNTHETIC,3600
1706965200,0,1.15993393241,SYNTHETIC,3600
1706968800,0,1.11328240331,SYNTHETIC,3600
1706972400,0,1.18841600586,SYNTHETIC,3600
1706976000,0,1.14620567375,SYNTHETIC,3600
1706979600,0,1.1402252376,SYNTHETIC,3600
1706983200,0,1.15548265541,SYNTHETIC,3600
1706986800,0,1.20976127244,SYNTHETIC,3600
1706990400,0,1.23878764566,SYNTHETIC,3600
1706994000,0,1.20578380811,SYNTHETIC,3600
1706997600,0,1.26663781539,SYNTHETIC,3600
1707001200,0,1.196251667,SYNTHETIC,3600
1707004800,0,1.2484651174,SYNTHETIC,3600
1707008400,0,1.27795668281,SYNTHETIC,3600
1707012000,0,1.31113507157,SYNTHETIC,3600
1707015600,0,1.24689627442,SYNTHETIC,3600
1707019200,0,1.20466916974,SYNTHETIC,3600
1707022800,0,1.22068301214,SYNTHETIC,3600
1707026400,0,1.2416998978,SYNTHETIC,3600
1707030000,0,1.26901076093,SYNTHETIC,3600
1707033600,0,1.37671270101,SYNTHETIC,3600
1707037200,0,1.39392990701,SYNTHETIC,3600
1707040800,0,1.31845097447,SYNTHETIC,3600
1707044400,0,1.29085762879,SYNTHETIC,3600
1707048000,0,1.2156122367,SYNTHETIC,3600
1707051600,0,1.19365416856,SYNTHETIC,3600
1707055200,0,1.22709107805,SYNTHETIC,3600
1707058800,0,1.26852661657,SYNTHETIC,3600
1707062400,0,1.3454060511,SYNTHETIC,3600
1707066000,0,1.34785596363,SYNTHETIC,3600
1707069600,0,1.29438917969,SYNTHETIC,3600
1707073200,0,1.29755368606,SYNTHETIC,3600
1707076800,0,1.33149145243,SYNTHETIC,3600
1707080400,0,1.37536658221,SYNTHETIC,3600
1707084000,0,1.39129405012,SYNTHETIC,3600
1707087600,0,1.46008289339,SYNTHETIC,3600
1707091200,0,1.42087540051,SYNTHETIC,3600
1707094800,0,1.43807676655,SYNTHETIC,3600
1707098400,0,1.45104054338,SYNTHETIC,3600
1707102000,0,1.48440098279,SYNTHETIC,3600
1707105600,0,1.42152814505,SYNTHETIC,3600
1707109200,0,1.35113471003,SYNTHETIC,3600
1707112800,0,1.34724612252,SYNTHETIC,3600
1707116400,0,1.45811918289,SYNTHETIC,3600
1707120000,0,1.4848296277,SYNTHETIC,3600
1707123600,0,1.45542964153,SYNTHETIC,3600
1707127200,0,1.40789790968,SYNTHETIC,3600
1707130800,0,1.42708733306,SYNTHETIC,3600
1707134400,0,1.37190923286,SYNTHETIC,3600
1707138000,0,1.4443393279,SYNTHETIC,3600
1707141600,0,1.36410384611,SYNTHETIC,3600
1707145200,0,1.37007978634,SYNTHETIC,3600
1707148800,0,1.37181425377,SYNTHETIC,3600
1707152400,0,1.40662162014,SYNTHETIC,3600
1707156000,0,1.33706263466,SYNTHETIC,3600
1707159600,0,1.44291315994,SYNTHETIC,3600
1707163200,0,1.42590543943,SYNTHETIC,3600
1707166800,0,1.43668171074,SYNTHETIC,3600
1707170400,1,1.42631799282,SYNTHETIC,3600
1707174000,1,1.32684342626,SYNTHETIC,3600
1707177600,1,1.30369164851,SYNTHETIC,3600
1707181200,1,1.27496992801,SYNTHETIC,3600
1707184800,1,1.25592113595,SYNTHETIC,3600
1707188400,1,1.30202774732,SYNTHETIC,3600
1707192000,1,1.27074094087,SYNTHETIC,3600
1707195600,1,1.18007988495,SYNTHETIC,3600
1707199200,1,1.10087587348,SYNTHETIC,3600
1707202800,1,1.08080407352,SYNTHETIC,3600
1707206400,1,1.045790286,SYNTHETIC,3600
1707210000,1,1.10366983624,SYNTHETIC,3600
1707213600,1,1.04509964032,SYNTHETIC,3600
1707217200,1,1.15344936511,SYNTHETIC,3600
1707220800,1,1.12982973116,SYNTHETIC,3600
1707224400,1,1.0641765399,SYNTHETIC,3600
1707228000,1,1.12610580342,SYNTHETIC,3600
1707231600,1,1.09281729708,SYNTHETIC,3600
1707235200,1,1.08719696014,SYNTHETIC,3600
1707238800,1,1.17526327143,SYNTHETIC,3600
1707242400,1,1.27302580339,SYNTHETIC,3600
1707246000,1,1.28633041939,SYNTHETIC,3600
1707249600,1,1.21435088706,SYNTHETIC,3600
1707253200,1,1.23732424644,SYNTHETIC,3600
1707256800,1,1.3221751554,SYNTHETIC,3600
1707260400,1,1.44506962365,SYNTHETIC,3600
1707264000,1,1.34335392143,SYNTHETIC,3600
1707267600,1,1.38910451176,SYNTHETIC,3600
1707271200,1,1.37029231871,SYNTHETIC,3600
1707274800,1,1.28005997136,SYNTHETIC,3600
1707278400,1,1.28714317554,SYNTHETIC,3600
1707282000,1,1.24176823985,SYNTHETIC,3600
1707285600,1,1.20991142099,SYNTHETIC,3600
1707289200,1,1.14127098542,SYNTHETIC,3600
1707292800,1,1.20198674654,SYNTHETIC,3600
1707296400,1,1.12953387275,SYNTHETIC,3600
1707300000,1,1.11604586556,SYNTHETIC,3600
1707303600,1,1.09688477776,SYNTHETIC,3600
1707307200,1,1.20225892304,SYNTHETIC,3600
1707310800,1,1.1689504919,SYNTHETIC,3600
1707314400,1,1.16849351446,SYNTHETIC,3600
1707318000,1,1.11604266993,SYNTHETIC,3600
1707321600,1,1.13675321964,SYNTHETIC,3600
1707325200,1,1.0808142495,SYNTHETIC,3600
1707328800,1,1.13404897647,SYNTHETIC,3600
1707332400,1,1.07422725706,SYNTHETIC,3600
1707336000,1,1.09369169522,SYNTHETIC,3600
1707339600,1,1.1588256846,SYNTHETIC,3600
1707343200,1,1.09639719415,SYNTHETIC,3600
1707346800,1,1.07669059932,SYNTHETIC,3600
1707350400,1,1.10412552264,SYNTHETIC,3600
1707354000,1,1.11875624274,SYNTHETIC,3600
1707357600,1,1.09861295186,SYNTHETIC,3600
1707361200,1,1.07738357804,SYNTHETIC,3600
1707364800,1,1.08690871028,SYNTHETIC,3600
1707368400,1,1.17118451017,SYNTHETIC,3600
1707372000,1,1.28883459248,SYNTHETIC,3600
1707375600,1,1.42095981076,SYNTHETIC,3600
1707379200,1,1.49229173318,SYNTHETIC,3600
1707382800,1,1.46411786215,SYNTHETIC,3600
1707386400,1,1.36505205608,SYNTHETIC,3600
1707390000,1,1.3150715775,SYNTHETIC,3600
1707393600,1,1.24756821728,SYNTHETIC,3600
1707397200,1,1.16354728214,SYNTHETIC,3600
1707400800,1,1.18322604533,SYNTHETIC,3600
1707404400,1,1.16858790913,SYNTHETIC,3600
1707408000,1,1.18013255555,SYNTHETIC,3600
1707411600,1,1.12860976772,SYNTHETIC,3600
1707415200,1,1.16239483247,SYNTHETIC,3600
1707418800,1,1.17006266074,SYNTHETIC,3600
1707422400,1,1.24913417592,SYNTHETIC,3600
1707426000,1,1.27844544411,SYNTHETIC,3600
1707429600,1,1.36476782779,SYNTHETIC,3600
1707433200,1,1.32520537172,SYNTHETIC,3600
1707436800,1,1.36369018021,SYNTHETIC,3600
1707440400,1,1.29504539096,SYNTHETIC,3600
1707444000,1,1.23368299203,SYNTHETIC,3600
1707447600,1,1.2949592629,SYNTHETIC,3600
1707451200,1,1.30213804693,SYNTHETIC,3600
1707454800,1,1.25948713807,SYNTHETIC,3600
1707458400,1,1.37700155342,SYNTHETIC,3600
1707462000,1,1.33160019444,SYNTHETIC,3600
1707465600,1,1.39480914178,SYNTHETIC,3600
1707469200,1,1.40366521746,SYNTHETIC,3600
1707472800,1,1.35667856917,SYNTHETIC,3600
1707476400,1,1.37007827228,SYNTHETIC,3600
1707480000,1,1.38769314184,SYNTHETIC,3600
1707483600,1,1.43131577438,SYNTHETIC,3600
1707487200,1,1.51587603962,SYNTHETIC,3600
1707490800,1,1.47526204122,SYNTHETIC,3600
1707494400,1,1.45550489406,SYNTHETIC,3600
1707498000,1,1.52805888428,SYNTHETIC,3600
1707501600,1,1.55911903734,SYNTHETIC,3600
1707505200,1,1.59573492062,SYNTHETIC,3600
1707508800,1,1.66036347394,SYNTHETIC,3600
1707512400,1,1.64603674775,SYNTHETIC,3600
1707516000,1,1.72903775413,SYNTHETIC,3600
1707519600,1,1.78277788925,SYNTHETIC,3600
1707523200,1,1.78426312883,SYNTHETIC,3600
1707526800,1,1.81142217509,SYNTHETIC,3600
1707530400,1,1.81291699529,SYNTHETIC,3600
1707534000,1,1.77952674074,SYNTHETIC,3600
1707537600,1,1.67929554732,SYNTHETIC,3600
1707541200,1,1.6338712892,SYNTHETIC,3600
1707544800,1,1.58854174421,SYNTHETIC,3600
1707548400,1,1.61674828428,SYNTHETIC,3600
1707552000,1,1.58010530821,SYNTHETIC,3600
1707555600,1,1.65005678788,SYNTHETIC,3600
1707559200,1,1.60984598619,SYNTHETIC,3600
1707562800,1,1.6184368734,SYNTHETIC,3600
1707566400,1,1.52532365705,SYNTHETIC,3600
1707570000,1,1.58824543173,SYNTHETIC,3600
1707573600,1,1.58311661368,SYNTHETIC,3600
1707577200,1,1.51689335692,SYNTHETIC,3600
1707580800,1,1.46822238447,SYNTHETIC,3600
1707584400,1,1.4936110973,SYNTHETIC,3600
1707588000,1,1.44084318385,SYNTHETIC,3600
1707591600,1,1.51383608268,SYNTHETIC,3600
1707595200,1,1.59969554113,SYNTHETIC,3600
1707598800,1,1.60191470288,SYNTHETIC,3600
1707602400,1,1.61453624733,SYNTHETIC,3600
1707606000,1,1.58339206829,SYNTHETIC,3600
1707609600,1,1.6521534195,SYNTHETIC,3600
1707613200,1,1.70068554468,SYNTHETIC,3600
1707616800,1,1.6581800179,SYNTHETIC,3600
1707620400,1,1.74744698285,SYNTHETIC,3600
1707624000,1,1.69003631908,SYNTHETIC,3600
1707627600,1,1.70922964921,SYNTHETIC,3600
1707631200,1,1.74810253321,SYNTHETIC,3600
1707634800,1,1.7735202049,SYNTHETIC,3600
1707638400,1,1.75008289059,SYNTHETIC,3600
1707642000,1,1.80459713047,SYNTHETIC,3600
1707645600,1,1.76393704248,SYNTHETIC,3600
1707649200,1,1.76676857412,SYNTHETIC,3600
1707652800,1,1.67009919154,SYNTHETIC,3600
1707656400,1,1.71213760705,SYNTHETIC,3600
1707660000,1,1.7829651652,SYNTHETIC,3600
1707663600,1,1.69019166076,SYNTHETIC,3600
1707667200,1,1.65930085369,SYNTHETIC,3600
1707670800,1,1.6409317109,SYNTHETIC,3600
1707674400,1,1.61387445101,SYNTHETIC,3600
1707678000,1,1.53748935109,SYNTHETIC,3600
1707681600,1,1.45241232481,SYNTHETIC,3600
1707685200,1,1.41705673017,SYNTHETIC,3600
1707688800,1,1.43800337825,SYNTHETIC,3600
1707692400,1,1.45243041214,SYNTHETIC,3600
1707696000,1,1.38053184239,SYNTHETIC,3600
1707699600,1,1.38996920703,SYNTHETIC,3600
1707703200,1,1.37906628984,SYNTHETIC,3600
1707706800,1,1.37145329568,SYNTHETIC,3600
1707710400,1,1.45973035757,SYNTHETIC,3600
1707714000,1,1.42344935247,SYNTHETIC,3600
1707717600,1,1.50421409733,SYNTHETIC,3600
1707721200,1,1.60610315049,SYNTHETIC,3600
1707724800,1,1.61482939932,SYNTHETIC,3600
1707728400,1,1.60154271594,SYNTHETIC,3600
1707732000,1,1.51171016052,SYNTHETIC,3600
1707735600,1,1.44233022333,SYNTHETIC,3600
1707739200,1,1.40194409054,SYNTHETIC,3600
1707742800,1,1.45447651491,SYNTHETIC,3600
1707746400,1,1.49698401579,SYNTHETIC,3600
1707750000,1,1.43527755526,SYNTHETIC,3600
1707753600,1,1.41788088183,SYNTHETIC,3600
1707757200,1,1.50059717328,SYNTHETIC,3600
1707760800,1,1.51525156467,SYNTHETIC,3600
1707764400,0,1.61973854236,SYNTHETIC,3600
1707768000,0,1.61701935154,SYNTHETIC,3600
1707771600,0,1.66398665171,SYNTHETIC,3600
1707775200,0,1.63951812285,SYNTHETIC,3600
1707778800,0,1.67047608131,SYNTHETIC,3600
1707782400,0,1.63565884647,SYNTHETIC,3600
1707786000,0,1.58780452457,SYNTHETIC,3600
1707789600,0,1.64516924782,SYNTHETIC,3600
1707793200,0,1.55389807119,SYNTHETIC,3600
1707796800,0,1.57480269891,SYNTHETIC,3600
1707800400,1,1.63881890705,SYNTHETIC,3600
1707804000,1,1.68409096506,SYNTHETIC,3600
1707807600,1,1.66851179786,SYNTHETIC,3600
1707811200,0,1.61069849614,SYNTHETIC,3600
1707814800,0,1.69334852471,SYNTHETIC,3600
1707818400,0,1.73450902878,SYNTHETIC,3600
1707822000,0,1.71621628665,SYNTHETIC,3600
1707825600,0,1.72684010039,SYNTHETIC,3600
1707829200,0,1.67805630784,SYNTHETIC,3600
1707832800,0,1.69308986063,SYNTHETIC,3600
1707836400,0,1.74276205572,SYNTHETIC,3600
1707840000,0,1.66022981617,SYNTHETIC,3600
1707843600,0,1.646116879,SYNTHETIC,3600
1707847200,0,1.69090106782,SYNTHETIC,3600
1707850800,0,1.74751699824,SYNTHETIC,3600
1707854400,0,1.78068419467,SYNTHETIC,3600
1707858000,0,1.70076226645,SYNTHETIC,3600
1707861600,0,1.88563475948,SYNTHETIC,3600
1707865200,0,1.8400378697,SYNTHETIC,3600
1707868800,0,1.84918958364,SYNTHETIC,3600
1707872400,0,1.80305358313,SYNTHETIC,3600
1707876000,0,1.79794596534,SYNTHETIC,3600
1707879600,0,1.83746710129,SYNTHETIC,3600
1707883200,0,1.82409472305,SYNTHETIC,3600
1707886800,0,1.80962176648,SYNTHETIC,3600
1707890400,0,1.7971323929,SYNTHETIC,3600
1707894000,0,1.79381011992,SYNTHETIC,3600
1707897600,0,1.75906369983,SYNTHETIC,3600
1707901200,0,1.67679828431,SYNTHETIC,3600
1707904800,0,1.63368909952,SYNTHETIC,3600
1707908400,0,1.72810278113,SYNTHETIC,3600
1707912000,0,1.71487938031,SYNTHETIC,3600
1707915600,0,1.80043272818,SYNTHETIC,3600
1707919200,0,1.74481404349,SYNTHETIC,3600
1707922800,0,1.75052239716,SYNTHETIC,3600
1707926400,0,1.6909067433,SYNTHETIC,3600
1707930000,0,1.6656739134,SYNTHETIC,3600
1707933600,0,1.71314294451,SYNTHETIC,3600
1707937200,0,1.67676467508,SYNTHETIC,3600
1707940800,0,1.55076939361,SYNTHETIC,3600
1707944400,0,1.60717900777,SYNTHETIC,3600
1707948000,0,1.69201862877,SYNTHETIC,3600
1707951600,0,1.68985200117,SYNTHETIC,3600
1707955200,0,1.63116454708,SYNTHETIC,3600
1707958800,0,1.59940422492,SYNTHETIC,3600
1707962400,0,1.5848694198,SYNTHETIC,3600
1707966000,0,1.54345577971,SYNTHETIC,3600
1707969600,0,1.54150064703,SYNTHETIC,3600
1707973200,0,1.43424291432,SYNTHETIC,3600
1707976800,0,1.53552570436,SYNTHETIC,3600
1707980400,0,1.51367968111,SYNTHETIC,3600
1707984000,0,1.58600689636,SYNTHETIC,3600
1707987600,0,1.49946055175,SYNTHETIC,3600
1707991200,0,1.51090291796,SYNTHETIC,3600
1707994800,0,1.47511021536,SYNTHETIC,3600
1707998400,0,1.55326451825,SYNTHETIC,3600
1708002000,0,1.50745311659,SYNTHETIC,3600
1708005600,0,1.51626230477,SYNTHETIC,3600
1708009200,0,1.46770972034,SYNTHETIC,3600
1708012800,0,1.40100345557,SYNTHETIC,3600
1708016400,0,1.40138938548,SYNTHETIC,3600
1708020000,0,1.38232254336,SYNTHETIC,3600
1708023600,0,1.40373024526,SYNTHETIC,3600
1708027200,0,1.48943545288,SYNTHETIC,3600
1708030800,0,1.53569982549,SYNTHETIC,3600
1708034400,0,1.59578900305,SYNTHETIC,3600
1708038000,0,1.52442864508,SYNTHETIC,3600
1708041600,0,1.54123653992,SYNTHETIC,3600
1708045200,0,1.60653945866,SYNTHETIC,3600
1708048800,0,1.60551324472,SYNTHETIC,3600
1708052400,0,1.72537299503,SYNTHETIC,3600
1708056000,0,1.75456026705,SYNTHETIC,3600
1708059600,0,1.7965765414,SYNTHETIC,3600
1708063200,0,1.80775030821,SYNTHETIC,3600
1708066800,0,1.74892816393,SYNTHETIC,3600
1708070400,0,1.77170316935,SYNTHETIC,3600
1708074000,0,1.77960530174,SYNTHETIC,3600
1708077600,0,1.81932546417,SYNTHETIC,3600
1708081200,0,1.81008137283,SYNTHETIC,3600
1708084800,0,1.68307451629,SYNTHETIC,3600
1708088400,0,1.59751732967,SYNTHETIC,3600
1708092000,0,1.52823008081,SYNTHETIC,3600
1708095600,0,1.4913434837,SYNTHETIC,3600
1708099200,0,1.47480117411,SYNTHETIC,3600
1708102800,0,1.48656914123,SYNTHETIC,3600
1708106400,0,1.47354764499,SYNTHETIC,3600
1708110000,0,1.57592340371,SYNTHETIC,3600
1708113600,0,1.52874630096,SYNTHETIC,3600
1708117200,0,1.51531891222,SYNTHETIC,3600
1708120800,0,1.44278523951,SYNTHETIC,3600
1708124400,0,1.5237563292,SYNTHETIC,3600
1708128000,0,1.47210466169,SYNTHETIC,3600
1708131600,0,1.39177970814,SYNTHETIC,3600
1708135200,0,1.43676095689,SYNTHETIC,3600
1708138800,0,1.52111776957,SYNTHETIC,3600
1708142400,0,1.43401432404,SYNTHETIC,3600
1708146000,0,1.47263649926,SYNTHETIC,3600
1708149600,0,1.51959620812,SYNTHETIC,3600
1708153200,0,1.56204078437,SYNTHETIC,3600
1708156800,0,1.48767978314,SYNTHETIC,3600
1708160400,0,1.38830376711,SYNTHETIC,3600
1708164000,0,1.36651639416,SYNTHETIC,3600
1708167600,0,1.32182499504,SYNTHETIC,3600
1708171200,0,1.34522859994,SYNTHETIC,3600
1708174800,0,1.3488291524,SYNTHETIC,3600
1708178400,0,1.44451785803,SYNTHETIC,3600
1708182000,0,1.44684095463,SYNTHETIC,3600
1708185600,0,1.45412864599,SYNTHETIC,3600
1708189200,0,1.39954961496,SYNTHETIC,3600
1708192800,0,1.40840674724,SYNTHETIC,3600
1708196400,0,1.32010430234,SYNTHETIC,3600
1708200000,0,1.40373723448,SYNTHETIC,3600
1708203600,0,1.42346423681,SYNTHETIC,3600
1708207200,0,1.33634014156,SYNTHETIC,3600
1708210800,0,1.2298355747,SYNTHETIC,3600
1708214400,0,1.23329626866,SYNTHETIC,3600
1708218000,0,1.18052653649,SYNTHETIC,3600
1708221600,0,1.15778291988,SYNTHETIC,3600
1708225200,0,1.22262939337,SYNTHETIC,3600
1708228800,0,1.22969070565,SYNTHETIC,3600
1708232400,0,1.18089572964,SYNTHETIC,3600
1708236000,0,1.23922998861,SYNTHETIC,3600
1708239600,0,1.31130088321,SYNTHETIC,3600
1708243200,0,1.45045867757,SYNTHETIC,3600
1708246800,0,1.39432041182,SYNTHETIC,3600
1708250400,0,1.42109531947,SYNTHETIC,3600
1708254000,0,1.45013548263,SYNTHETIC,3600
1708257600,0,1.40756661579,SYNTHETIC,3600
1708261200,0,1.37277054956,SYNTHETIC,3600
1708264800,0,1.37462035371,SYNTHETIC,3600
1708268400,0,1.49525336805,SYNTHETIC,3600
1708272000,0,1.52223240576,SYNTHETIC,3600
1708275600,0,1.53099315402,SYNTHETIC,3600
1708279200,0,1.54897790161,SYNTHETIC,3600
1708282800,0,1.62198257703,SYNTHETIC,3600
1708286400,0,1.67304270925,SYNTHETIC,3600
1708290000,0,1.62172923747,SYNTHETIC,3600
1708293600,0,1.65697567603,SYNTHETIC,3600
1708297200,0,1.56914247857,SYNTHETIC,3600
1708300800,0,1.65373572575,SYNTHETIC,3600
1708304400,0,1.57721697805,SYNTHETIC,3600
1708308000,0,1.48332168271,SYNTHETIC,3600
1708311600,0,1.50111689471,SYNTHETIC,3600
1708315200,0,1.42539639031,SYNTHETIC,3600
1708318800,0,1.41055634337,SYNTHETIC,3600
1708322400,0,1.34699416254,SYNTHETIC,3600
1708326000,0,1.37174825069,SYNTHETIC,3600
1708329600,0,1.40769841415,SYNTHETIC,3600
1708333200,0,1.30365924583,SYNTHETIC,3600
1708336800,0,1.27121636399,SYNTHETIC,3600
1708340400,0,1.24066059392,SYNTHETIC,3600
1708344000,0,1.28951827929,SYNTHETIC,3600
1708347600,0,1.22648713768,SYNTHETIC,3600
1708351200,0,1.27398756607,SYNTHETIC,3600
1708354800,0,1.37177752265,SYNTHETIC,3600
1708358400,0,1.34438679523,SYNTHETIC,3600
1708362000,0,1.37451834339,SYNTHETIC,3600
1708365600,0,1.39016567215,SYNTHETIC,3600
1708369200,0,1.41117627319,SYNTHETIC,3600
1708372800,0,1.42389541972,SYNTHETIC,3600
1708376400,0,1.49542150165,SYNTHETIC,3600
1708380000,0,1.5380283681,SYNTHETIC,3600
1708383600,0,1.57467489734,SYNTHETIC,3600
1708387200,0,1.63481939015,SYNTHETIC,3600
1708390800,0,1.63887201221,SYNTHETIC,3600
1708394400,0,1.63361076211,SYNTHETIC,3600
1708398000,0,1.62528453164,SYNTHETIC,3600
1708401600,0,1.53914283939,SYNTHETIC,3600
1708405200,0,1.44866709667,SYNTHETIC,3600
1708408800,0,1.41805192992,SYNTHETIC,3600
1708412400,0,1.46533779237,SYNTHETIC,3600
1708416000,0,1.39443482881,SYNTHETIC,3600
1708419600,0,1.47134945168,SYNTHETIC,3600
1708423200,0,1.35708267607,SYNTHETIC,3600
1708426800,0,1.33171010943,SYNTHETIC,3600
1708430400,0,1.34455396155,SYNTHETIC,3600
1708434000,0,1.2610173747,SYNTHETIC,3600
1708437600,0,1.31161858647,SYNTHETIC,3600
1708441200,0,1.33852844092,SYNTHETIC,3600
1708444800,0,1.42095473257,SYNTHETIC,3600
1708448400,0,1.41021684983,SYNTHETIC,3600
1708452000,0,1.53126022315,SYNTHETIC,3600
1708455600,0,1.54726123056,SYNTHETIC,3600
1708459200,0,1.49092999317,SYNTHETIC,3600
1708462800,0,1.37580256163,SYNTHETIC,3600
1708466400,0,1.31037164708,SYNTHETIC,3600
1708470000,0,1.32188161731,SYNTHETIC,3600
1708473600,0,1.360715805,SYNTHETIC,3600
1708477200,0,1.33480153882,SYNTHETIC,3600
1708480800,0,1.31445037404,SYNTHETIC,3600
1708484400,0,1.33204820944,SYNTHETIC,3600
1708488000,0,1.31817977885,SYNTHETIC,3600
1708491600,0,1.31496645816,SYNTHETIC,3600
1708495200,0,1.31361515195,SYNTHETIC,3600
1708498800,0,1.31586183488,SYNTHETIC,3600
1708502400,0,1.38129760554,SYNTHETIC,3600
1708506000,0,1.37896248369,SYNTHETIC,3600
1708509600,0,1.27611986858,SYNTHETIC,3600
1708513200,0,1.20595364325,SYNTHETIC,3600
1708516800,0,1.21103755731,SYNTHETIC,3600
1708520400,0,1.17679080824,SYNTHETIC,3600
1708524000,0,1.24867441688,SYNTHETIC,3600
1708527600,0,1.24249757822,SYNTHETIC,3600
1708531200,0,1.27248431007,SYNTHETIC,3600
1708534800,0,1.35376466404,SYNTHETIC,3600
1708538400,0,1.32047167776,SYNTHETIC,3600
1708542000,0,1.41848719189,SYNTHETIC,3600
1708545600,0,1.3063828011,SYNTHETIC,3600
1708549200,0,1.33091112906,SYNTHETIC,3600
1708552800,0,1.36062415392,SYNTHETIC,3600
1708556400,0,1.384381953,SYNTHETIC,3600
1708560000,0,1.4578451523,SYNTHETIC,3600
1708563600,0,1.39564327246,SYNTHETIC,3600
1708567200,0,1.46432129221,SYNTHETIC,3600
1708570800,0,1.46698207459,SYNTHETIC,3600
1708574400,0,1.51234456614,SYNTHETIC,3600
1708578000,0,1.40003758385,SYNTHETIC,3600
1708581600,0,1.33361642479,SYNTHETIC,3600
1708585200,0,1.33574269407,SYNTHETIC,3600
1708588800,0,1.23523350944,SYNTHETIC,3600
1708592400,0,1.28142765729,SYNTHETIC,3600
1708596000,0,1.30696417181,SYNTHETIC,3600
1708599600,0,1.41500665633,SYNTHETIC,3600
1708603200,0,1.32834108363,SYNTHETIC,3600
1708606800,0,1.42258825765,SYNTHETIC,3600
1708610400,0,1.34696344763,SYNTHETIC,3600
1708614000,0,1.35989178801,SYNTHETIC,3600
1708617600,0,1.38955386735,SYNTHETIC,3600
1708621200,0,1.30074924224,SYNTHETIC,3600
1708624800,0,1.21197377158,SYNTHETIC,3600
1708628400,1,1.12560320867,SYNTHETIC,3600
1708632000,1,1.13761707919,SYNTHETIC,3600
1708635600,1,1.20488027793,SYNTHETIC,3600
1708639200,1,1.15907778823,SYNTHETIC,3600
1708642800,1,1.15769983962,SYNTHETIC,3600
1708646400,1,1.2273022206,SYNTHETIC,3600
1708650000,1,1.16601438384,SYNTHETIC,3600
1708653600,1,1.22159988765,SYNTHETIC,3600
1708657200,1,1.27713124356,SYNTHETIC,3600
1708660800,1,1.30364440026,SYNTHETIC,3600
1708664400,1,1.34927007897,SYNTHETIC,3600
1708668000,1,1.41476683396,SYNTHETIC,3600
1708671600,1,1.45730521838,SYNTHETIC,3600
1708675200,1,1.38327564871,SYNTHETIC,3600
1708678800,1,1.33492441506,SYNTHETIC,3600
1708682400,1,1.40107795849,SYNTHETIC,3600
1708686000,1,1.36958361338,SYNTHETIC,3600
1708689600,1,1.43970676358,SYNTHETIC,3600
1708693200,1,1.44613583039,SYNTHETIC,3600
1708696800,1,1.50588385055,SYNTHETIC,3600
1708700400,1,1.46836164867,SYNTHETIC,3600
1708704000,1,1.4412423612,SYNTHETIC,3600
1708707600,1,1.55699203363,SYNTHETIC,3600
1708711200,1,1.52729765645,SYNTHETIC,3600
1708714800,1,1.49721031564,SYNTHETIC,3600
1708718400,1,1.47962970891,SYNTHETIC,3600
1708722000,1,1.52553317891,SYNTHETIC,3600
1708725600,1,1.58672395091,SYNTHETIC,3600
1708729200,1,1.49109757365,SYNTHETIC,3600
1708732800,1,1.49532399807,SYNTHETIC,3600
1708736400,1,1.52132288685,SYNTHETIC,3600
1708740000,1,1.42111329319,SYNTHETIC,3600
1708743600,1,1.40909621235,SYNTHETIC,3600
1708747200,1,1.35118614746,SYNTHETIC,3600
1708750800,1,1.28626015185,SYNTHETIC,3600
1708754400,1,1.34667832211,SYNTHETIC,3600
1708758000,1,1.30252003462,SYNTHETIC,3600
1708761600,1,1.35941615028,SYNTHETIC,3600
1708765200,1,1.29555371066,SYNTHETIC,3600
1708768800,1,1.39747055106,SYNTHETIC,3600
1708772400,1,1.35394514618,SYNTHETIC,3600
1708776000,1,1.48727973878,SYNTHETIC,3600
1708779600,1,1.47259072851,SYNTHETIC,3600
1708783200,1,1.45493677244,SYNTHETIC,3600
1708786800,1,1.4061776141,SYNTHETIC,3600
1708790400,1,1.38906833678,SYNTHETIC,3600
1708794000,1,1.35069479936,SYNTHETIC,3600
1708797600,1,1.4223116178,SYNTHETIC,3600
1708801200,1,1.50074522451,SYNTHETIC,3600
1708804800,1,1.53878791206,SYNTHETIC,3600
1708808400,1,1.46557766297,SYNTHETIC,3600
1708812000,1,1.49345444719,SYNTHETIC,3600
1708815600,1,1.5159615703,SYNTHETIC,3600
1708819200,1,1.49150140171,SYNTHETIC,3600
1708822800,1,1.49800902662,SYNTHETIC,3600
1708826400,1,1.46155607508,SYNTHETIC,3600
1708830000,1,1.46244929439,SYNTHETIC,3600
1708833600,1,1.43461645159,SYNTHETIC,3600
1708837200,1,1.42239928078,SYNTHETIC,3600
1708840800,1,1.40562523821,SYNTHETIC,3600
1708844400,1,1.43161147944,SYNTHETIC,3600
1708848000,1,1.41065554814,SYNTHETIC,3600
1708851600,1,1.4608621667,SYNTHETIC,3600
1708855200,1,1.50211942622,SYNTHETIC,3600
1708858800,1,1.55199344038,SYNTHETIC,3600
1708862400,1,1.46060156666,SYNTHETIC,3600
1708866000,1,1.43876821182,SYNTHETIC,3600
1708869600,1,1.44649594817,SYNTHETIC,3600
1708873200,1,1.46430414233,SYNTHETIC,3600
1708876800,1,1.6123352047,SYNTHETIC,3600
1708880400,1,1.58048159578,SYNTHETIC,3600
1708884000,1,1.65023790182,SYNTHETIC,3600
1708887600,1,1.68183682614,SYNTHETIC,3600
1708891200,1,1.6170009941,SYNTHETIC,3600
1708894800,1,1.50020648284,SYNTHETIC,3600
1708898400,1,1.53685863203,SYNTHETIC,3600
1708902000,1,1.47468734051,SYNTHETIC,3600
1708905600,1,1.40601198322,SYNTHETIC,3600
1708909200,1,1.44186708678,SYNTHETIC,3600
1708912800,1,1.56973055159,SYNTHETIC,3600
1708916400,1,1.48978052122,SYNTHETIC,3600
1708920000,1,1.36945190286,SYNTHETIC,3600
1708923600,1,1.40989531602,SYNTHETIC,3600
1708927200,1,1.3561423666,SYNTHETIC,3600
1708930800,1,1.29265025946,SYNTHETIC,3600
1708934400,1,1.33394077015,SYNTHETIC,3600
1708938000,1,1.32415943477,SYNTHETIC,3600
1708941600,1,1.36265269731,SYNTHETIC,3600
1708945200,1,1.45344768998,SYNTHETIC,3600
1708948800,1,1.39666469873,SYNTHETIC,3600
1708952400,1,1.31437212133,SYNTHETIC,3600
1708956000,1,1.25422504596,SYNTHETIC,3600
1708959600,1,1.16811326221,SYNTHETIC,3600
1708963200,1,1.15589139784,SYNTHETIC,3600
1708966800,1,1.25313897324,SYNTHETIC,3600
1708970400,1,1.36837099944,SYNTHETIC,3600
1708974000,1,1.38032948921,SYNTHETIC,3600
1708977600,1,1.40205348655,SYNTHETIC,3600
1708981200,1,1.40930339137,SYNTHETIC,3600
1708984800,1,1.50510677601,SYNTHETIC,3600
1708988400,1,1.46560609234,SYNTHETIC,3600
1708992000,1,1.47221116282,SYNTHETIC,3600
1708995600,1,1.49475803643,SYNTHETIC,3600
1708999200,1,1.4457184715,SYNTHETIC,3600
1709002800,1,1.41866032802,SYNTHETIC,3600
1709006400,1,1.54150714442,SYNTHETIC,3600
1709010000,1,1.64191779912,SYNTHETIC,3600
1709013600,1,1.56419341531,SYNTHETIC,3600
1709017200,1,1.53850314099,SYNTHETIC,3600
1709020800,1,1.55299444652,SYNTHETIC,3600
1709024400,1,1.58452398802,SYNTHETIC,3600
1709028000,1,1.59473267248,SYNTHETIC,3600
1709031600,1,1.51374334156,SYNTHETIC,3600
1709035200,1,1.64345607142,SYNTHETIC,3600
1709038800,1,1.77461307205,SYNTHETIC,3600
1709042400,1,1.89555123394,SYNTHETIC,3600
1709046000,1,1.86503028871,SYNTHETIC,3600
1709049600,1,1.80993311843,SYNTHETIC,3600
1709053200,1,1.79386792576,SYNTHETIC,3600
1709056800,1,1.68937034279,SYNTHETIC,3600
1709060400,1,1.73705110492,SYNTHETIC,3600
1709064000,1,1.64110447668,SYNTHETIC,3600
1709067600,1,1.70163962201,SYNTHETIC,3600
1709071200,1,1.66538308395,SYNTHETIC,3600
1709074800,1,1.61194598934,SYNTHETIC,3600
1709078400,1,1.63119164621,SYNTHETIC,3600
1709082000,1,1.69076709924,SYNTHETIC,3600
1709085600,1,1.63271413519,SYNTHETIC,3600
1709089200,1,1.60171641497,SYNTHETIC,3600
1709092800,1,1.63343075549,SYNTHETIC,3600
1709096400,1,1.65853303081,SYNTHETIC,3600
1709100000,1,1.71426650321,SYNTHETIC,3600
1709103600,1,1.67365538591,SYNTHETIC,3600
1709107200,1,1.78157923378,SYNTHETIC,3600
1709110800,1,1.77092988168,SYNTHETIC,3600
1709114400,1,1.76121175134,SYNTHETIC,3600
1709118000,1,1.63236100337,SYNTHETIC,3600
1709121600,1,1.59868990609,SYNTHETIC,3600
1709125200,1,1.60581219626,SYNTHETIC,3600
1709128800,1,1.62570945003,SYNTHETIC,3600
1709132400,1,1.54679626875,SYNTHETIC,3600
1709136000,1,1.62723018713,SYNTHETIC,3600
1709139600,1,1.70731877449,SYNTHETIC,3600
1709143200,1,1.68515908713,SYNTHETIC,3600
1709146800,1,1.67428408143,SYNTHETIC,3600
1709150400,1,1.79732443875,SYNTHETIC,3600
1709154000,1,1.77092898577,SYNTHETIC,3600
1709157600,1,1.90140865063,SYNTHETIC,3600
1709161200,1,1.87518623684,SYNTHETIC,3600
1709164800,1,1.93609997747,SYNTHETIC,3600
1709168400,1,1.90468740805,SYNTHETIC,3600
1709172000,1,1.83837878738,SYNTHETIC,3600
1709175600,1,1.86701597246,SYNTHETIC,3600
1709179200,1,1.81905790908,SYNTHETIC,3600
1709182800,1,1.84051149944,SYNTHETIC,3600
1709186400,1,1.89422120847,SYNTHETIC,3600
1709190000,1,1.80096836716,SYNTHETIC,3600
1709193600,1,1.79918699567,SYNTHETIC,3600
1709197200,1,1.74520823463,SYNTHETIC,3600
1709200800,1,1.75774180094,SYNTHETIC,3600
1709204400,1,1.75032756763,SYNTHETIC,3600
1709208000,1,1.83042882379,SYNTHETIC,3600
1709211600,1,1.8934675767,SYNTHETIC,3600
1709215200,1,1.7874607621,SYNTHETIC,3600
1709218800,1,1.73375674989,SYNTHETIC,3600
1709222400,1,1.78077284399,SYNTHETIC,3600
1709226000,1,1.79171077812,SYNTHETIC,3600
1709229600,1,1.77695299588,SYNTHETIC,3600
1709233200,1,1.73271026343,SYNTHETIC,3600
1709236800,1,1.7053147368,SYNTHETIC,3600
1709240400,1,1.60191914228,SYNTHETIC,3600
1709244000,0,1.81209311848,SYNTHETIC,3600
1709247600,0,1.78945773752,SYNTHETIC,3600
1709251200,0,1.82751544311,SYNTHETIC,3600
1709254800,0,1.83892606803,SYNTHETIC,3600
1709258400,0,1.85772434246,SYNTHETIC,3600
1709262000,0,1.80653595491,SYNTHETIC,3600
1709265600,0,1.75835341051,SYNTHETIC,3600
1709269200,0,1.68077555632,SYNTHETIC,3600
1709272800,0,1.63506319073,SYNTHETIC,3600
1709276400,0,1.6641049445,SYNTHETIC,3600
1709280000,1,1.75481266557,SYNTHETIC,3600
1709283600,1,1.69133905956,SYNTHETIC,3600
1709287200,1,1.62499444765,SYNTHETIC,3600
1709290800,1,1.58243853026,SYNTHETIC,3600
1709294400,1,1.61874029538,SYNTHETIC,3600
1709298000,1,1.6650091709,SYNTHETIC,3600
1709301600,1,1.6786966791,SYNTHETIC,3600
1709305200,1,1.75668023104,SYNTHETIC,3600
1709308800,0,1.75558341663,SYNTHETIC,3600
1709312400,0,1.86133456477,SYNTHETIC,3600
1709316000,0,1.75756773736,SYNTHETIC,3600
1709319600,0,1.81303492695,SYNTHETIC,3600
1709323200,0,1.83595241184,SYNTHETIC,3600
1709326800,1,1.80956586701,SYNTHETIC,3600
1709330400,1,1.84418273692,SYNTHETIC,3600
1709334000,1,1.85220179236,SYNTHETIC,3600
1709337600,1,1.82298635373,SYNTHETIC,3600
1709341200,1,1.7323906423,SYNTHETIC,3600
1709344800,1,1.73613403452,SYNTHETIC,3600
1709348400,1,1.87523202794,SYNTHETIC,3600
1709352000,1,1.82691876356,SYNTHETIC,3600
1709355600,0,1.87070926956,SYNTHETIC,3600
1709359200,0,1.83559370153,SYNTHETIC,3600
1709362800,0,1.70889296127,SYNTHETIC,3600
1709366400,0,1.81187929588,SYNTHETIC,3600
1709370000,0,1.77228457946,SYNTHETIC,3600
1709373600,0,1.8277014117,SYNTHETIC,3600
1709377200,0,1.75476400761,SYNTHETIC,3600
1709380800,0,1.82841178661,SYNTHETIC,3600
1709384400,0,1.83511588887,SYNTHETIC,3600
1709388000,0,1.91847418833,SYNTHETIC,3600
1709391600,0,1.8399987662,SYNTHETIC,3600
1709395200,0,1.75497216657,SYNTHETIC,3600
1709398800,0,1.75033841435,SYNTHETIC,3600
1709402400,0,1.61163582458,SYNTHETIC,3600
1709406000,0,1.62009287351,SYNTHETIC,3600
1709409600,0,1.53882963852,SYNTHETIC,3600
1709413200,0,1.60268520908,SYNTHETIC,3600
1709416800,0,1.67937455762,SYNTHETIC,3600
1709420400,0,1.70808851531,SYNTHETIC,3600
1709424000,0,1.68835331251,SYNTHETIC,3600
1709427600,0,1.68886178982,SYNTHETIC,3600
1709431200,0,1.76985391329,SYNTHETIC,3600
1709434800,0,1.73098499728,SYNTHETIC,3600
1709438400,0,1.68286406213,SYNTHETIC,3600
1709442000,0,1.75328376058,SYNTHETIC,3600
1709445600,0,1.74873998312,SYNTHETIC,3600
1709449200,0,1.76102999972,SYNTHETIC,3600
1709452800,0,1.82642355564,SYNTHETIC,3600
1709456400,0,1.69070539946,SYNTHETIC,3600
1709460000,0,1.76869297813,SYNTHETIC,3600
1709463600,0,1.73345667537,SYNTHETIC,3600
